N,Triton,torch.nn.functional,naive + torch.compile,inplace triton
256.000000,381.023256,227.555548,381.023256,390.095241
512.000000,394.795186,246.375951,394.795186,394.795186
1024.000000,407.055892,258.206356,368.179771,409.600010
2048.000000,414.784823,267.493874,342.224538,413.476343
4096.000000,416.101571,271.990925,301.314946,416.101571
8192.000000,415.442173,274.496336,281.558318,414.129549
16384.000000,417.260637,275.578442,281.006574,417.094661
