N,Triton,torch.nn.functional,naive + torch.compile,inplace triton
256.000000,394.795186,258.015735,394.795186,395.390658
512.000000,407.055892,272.924524,393.424993,407.055892
1024.000000,414.784823,278.284497,386.714359,414.579817
2048.000000,416.763105,280.668091,335.041744,416.763105
4096.000000,416.747602,282.482752,286.027280,416.763105
8192.000000,415.606836,283.552191,280.830173,415.606836
