N,Triton,torch.nn.functional,naive + torch.compile,inplace triton
256.000000,381.023256,224.438347,372.363633,390.095241
512.000000,394.795186,248.242422,394.795186,395.092697
1024.000000,407.055892,260.063494,368.179771,407.055892
2048.000000,414.784823,268.058035,350.459897,413.476343
4096.000000,416.101571,272.215992,302.706692,416.101571
8192.000000,414.129549,274.352695,281.723809,414.129549
16384.000000,417.094661,275.506035,281.688320,417.426746
