N,Triton,torch.nn.functional,naive + torch.compile,inplace triton
256.000000,394.795186,260.063494,394.795186,394.795186
512.000000,407.055892,271.933608,394.795186,409.600010
1024.000000,414.743798,278.284497,376.643677,413.476343
2048.000000,416.763105,280.968917,336.675541,416.763105
4096.000000,416.607891,282.635035,286.809636,416.763105
8192.000000,415.936516,283.471930,280.105785,416.101571
