N,Triton,torch.nn.functional,naive + torch.compile
256.000000,199.804870,47.087505,323.368435
512.000000,202.271603,48.771734,358.773735
1024.000000,205.227553,49.925848,368.179781
2048.000000,207.611406,50.698299,263.549606
4096.000000,208.713373,51.033873,216.171523
8192.000000,208.492042,51.176679,212.090611
16384.000000,197.745045,51.323631,212.162137
