N,Triton,torch.nn.functional,naive + torch.compile
256.000000,195.047621,47.080458,195.047621
512.000000,202.271603,48.810328,203.950206
1024.000000,206.088053,49.925057,193.893484
2048.000000,207.727940,50.659109,176.330046
4096.000000,208.824215,51.040499,159.390357
8192.000000,208.381553,51.209999,158.299513
16384.000000,197.392165,51.296534,158.586818
