N,Triton,torch.nn.functional,naive + torch.compile
256.000000,203.173037,50.360657,203.107443
512.000000,206.955786,51.657382,202.271603
1024.000000,208.748006,52.178343,190.327212
2048.000000,209.380194,52.351906,162.889810
4096.000000,209.663668,52.551421,159.584422
8192.000000,209.796942,52.671472,159.245115
