N,Triton,torch.nn.functional,naive + torch.compile
256.000000,203.107443,50.410693,406.214885
512.000000,206.121820,51.684541,322.308203
1024.000000,208.547331,52.192195,293.883420
2048.000000,209.380194,52.372936,223.545195
4096.000000,209.659295,52.523343,214.140768
8192.000000,209.745352,52.644644,213.588262
