N,Triton,naive + torch.compile
256.000000,51.130452,559.453648
512.000000,60.988035,963.764733
1024.000000,67.049401,820.665463
2048.000000,70.756845,701.455685
4096.000000,72.392614,476.068994
8192.000000,54.004181,453.648473
