N,Triton,naive + torch.compile
256.000000,516.031469,143.719295
512.000000,548.669526,319.687799
1024.000000,536.081802,558.942441
2048.000000,543.303619,542.179922
4096.000000,552.609219,450.262076
8192.000000,565.651221,288.030773
16384.000000,239.182490,254.678731
