N,Triton,naive + torch.compile,Frankenstein
256.000000,213.174712,61.926565,940.065592
512.000000,222.870962,88.119861,963.764733
1024.000000,224.658184,111.945339,969.877393
2048.000000,225.430970,131.759033,975.030812
4096.000000,225.514077,140.970119,976.587553
8192.000000,179.982145,143.709273,977.107571
