N,Triton,naive + torch.compile
256.000000,537.042775,318.135927
512.000000,546.133347,550.722705
1024.000000,555.389814,502.191555
2048.000000,557.160464,404.231309
4096.000000,557.160464,273.358087
8192.000000,558.495879,248.389441
