N,Triton,naive + torch.compile
256.000000,51.742474,554.048297
512.000000,61.503153,963.764733
1024.000000,67.622642,835.613859
2048.000000,69.777475,719.046992
4096.000000,72.607086,471.542571
8192.000000,50.658796,444.958271
