N,Triton,naive + torch.compile,Frankenstein
256.000000,27.306668,163.322330,924.903238
512.000000,32.823976,188.631587,940.065592
1024.000000,36.397334,177.398305,959.732214
2048.000000,38.611831,152.055688,969.749224
4096.000000,39.123468,134.610324,976.068087
8192.000000,31.181635,131.878282,974.982263
16384.000000,20.897722,131.820553,857.377112
