D,Triton,naive + torch.compile
128.000000,60.545566,67.531592
256.000000,71.044801,76.577882
512.000000,72.615557,71.980964
1024.000000,50.115985,70.789058
