N,Triton,naive + torch.compile
256.000000,520.126988,159.843899
512.000000,537.180338,312.076193
1024.000000,546.133347,548.418408
2048.000000,555.389814,543.867216
4096.000000,556.568994,454.716373
8192.000000,556.568994,273.066674
16384.000000,489.417059,252.973695
