N,Triton,naive + torch.compile
256.000000,51.870452,556.653408
512.000000,61.693385,963.764733
1024.000000,67.832618,877.154835
2048.000000,69.958368,707.950632
4096.000000,72.667830,478.864291
8192.000000,51.490206,444.904367
