N,Triton,naive + torch.compile
256.000000,27.100188,277.024148
512.000000,32.572564,543.545008
1024.000000,36.127893,959.732214
2048.000000,38.194322,941.995870
4096.000000,38.771323,788.233666
8192.000000,30.832698,497.831810
16384.000000,20.929421,445.282219
