N,Triton,naive + torch.compile,Frankenstein
256.000000,520.126988,141.852815,528.516136
512.000000,537.180338,312.076193,537.180338
1024.000000,548.418408,550.722705,548.418408
2048.000000,553.520796,544.114150,553.101090
4096.000000,556.568994,448.492708,555.978779
8192.000000,555.978779,273.779630,558.644654
16384.000000,489.302842,252.610416,490.217861
