N,Triton,naive + torch.compile,Frankenstein
256.000000,537.180338,528.516136,537.180338
512.000000,548.418408,459.901775,546.133347
1024.000000,554.215653,390.967944,554.215653
2048.000000,557.753193,289.809481,558.272848
4096.000000,557.160464,265.866110,557.160464
8192.000000,558.050030,254.138620,558.570274
