N,Triton,naive + torch.compile
256.000000,537.180338,316.599027
512.000000,550.578119,550.722705
1024.000000,554.838834,468.114273
2048.000000,557.160464,400.831820
4096.000000,557.456671,272.435894
8192.000000,558.198567,259.227699
