N,Triton,naive + torch.compile
256.000000,27.319677,275.941058
512.000000,32.767999,540.981135
1024.000000,36.362714,956.480556
2048.000000,38.469770,917.503956
4096.000000,39.031928,790.951734
8192.000000,31.226205,473.672698
16384.000000,20.914513,445.769001
