D,Triton,naive + torch.compile
128.000000,122.296018,99.924792
256.000000,149.431610,96.777554
512.000000,147.436017,93.291187
1024.000000,109.494429,93.867308
