N,Triton,naive + torch.compile
256.000000,548.418408,325.240685
512.000000,554.215653,561.336182
1024.000000,522.719864,499.321923
2048.000000,515.777640,393.314322
4096.000000,553.922880,271.616634
8192.000000,563.599043,242.613613
