N,Triton,naive + torch.compile,Frankenstein
256.000000,528.516136,385.364205,528.516136
512.000000,537.180338,370.259899,537.180338
1024.000000,550.722705,280.668091,550.722705
2048.000000,554.233932,268.590169,554.215653
4096.000000,556.568994,273.482851,557.753193
8192.000000,557.456671,269.279912,557.456671
16384.000000,487.936700,266.813223,487.709751
