N,Triton,naive + torch.compile,Frankenstein
256.000000,520.126988,520.126988,528.516136
512.000000,537.180338,541.619847,537.180338
1024.000000,548.418408,498.372634,548.418408
2048.000000,554.215653,452.753034,554.215653
4096.000000,556.568994,295.373519,557.753193
8192.000000,556.605933,285.480952,556.883061
16384.000000,486.578165,285.482165,486.578165
