N,Triton,naive + torch.compile,Frankenstein
256.000000,536.493194,316.599027,537.180338
512.000000,548.418408,550.975870,548.418408
1024.000000,554.215653,505.094418,554.215653
2048.000000,557.160464,408.006224,557.753193
4096.000000,558.347184,273.874614,558.616729
8192.000000,557.978090,249.571835,558.140526
