N,Triton,naive + torch.compile
256.000000,27.384908,277.024148
512.000000,32.861891,543.545008
1024.000000,36.460975,959.732214
2048.000000,38.537633,951.767629
4096.000000,39.151875,795.064086
8192.000000,31.723943,478.115699
16384.000000,21.009939,445.552527
