N,Triton,naive + torch.compile,Frankenstein
256.000000,537.180338,464.794337,537.180338
512.000000,548.418408,306.960193,550.722705
1024.000000,554.215653,285.249180,554.215653
2048.000000,557.160464,282.330633,557.160464
4096.000000,557.753193,281.120747,558.022199
8192.000000,557.910833,281.742738,558.050030
