N,Triton,naive + torch.compile
256.000000,528.516136,157.538463
512.000000,537.180338,309.132077
1024.000000,550.722705,548.418408
2048.000000,554.215653,537.180338
4096.000000,556.587463,453.929025
8192.000000,555.978779,284.019006
16384.000000,486.352530,256.438238
