N,Triton,naive + torch.compile,Frankenstein
256.000000,103.884056,30.632478,924.903238
512.000000,184.980643,53.145508,940.065592
1024.000000,222.479136,70.312881,960.548601
2048.000000,223.890678,90.429560,969.877393
4096.000000,225.016324,105.139976,972.962863
8192.000000,179.726543,112.308462,975.549174
16384.000000,26.404892,113.640378,849.301101
