N,Triton,naive + torch.compile,Frankenstein
256.000000,50.859425,188.631587,940.065592
512.000000,60.696789,172.865263,959.732214
1024.000000,66.699364,155.036164,969.877393
2048.000000,70.495889,148.681453,977.042523
4096.000000,71.949810,148.259509,975.030812
8192.000000,53.973996,148.021444,976.847493
