M,N,K,Triton,naive + torch.compile
256.000000,256.000000,256.000000,0.047421,6.826666
512.000000,512.000000,512.000000,0.371835,38.550588
