M,N,K,Triton,naive + torch.compile
256.000000,256.000000,256.000000,5.386520,4.096000
512.000000,512.000000,512.000000,19.660800,22.795130
