M,N,K,Triton,naive + torch.compile
256.000000,256.000000,256.000000,4.915200,3.510857
512.000000,512.000000,512.000000,18.724572,15.728640
1024.000000,1024.000000,1024.000000,26.886563,27.118344
2048.000000,2048.000000,2048.000000,29.093438,29.468179
4096.000000,4096.000000,4096.000000,30.624671,31.295911
8192.000000,8192.000000,8192.000000,31.513253,32.482508
16384.000000,16384.000000,16384.000000,31.328630,33.294923
