M,N,K,Triton,naive + torch.compile
256.000000,256.000000,256.000000,0.046625,5.851428
512.000000,512.000000,512.000000,0.409360,27.306666
