M,N,K,Triton,naive + torch.compile
256.000000,256.000000,256.000000,4.468364,4.096000
512.000000,512.000000,512.000000,11.565176,17.096347
