M,N,K,Triton,naive + torch.compile
256.000000,256.000000,256.000000,4.915200,3.510857
512.000000,512.000000,512.000000,18.724572,15.728640
