M,N,K,Triton,naive + torch.compile
256.000000,256.000000,256.000000,4.468364,3.072000
512.000000,512.000000,512.000000,9.144558,8.366298
