M,N,K,Triton,naive + torch.compile
256.000000,256.000000,256.000000,0.049244,5.851428
512.000000,512.000000,512.000000,0.393152,27.306666
1024.000000,1024.000000,1024.000000,3.124307,45.197240
2048.000000,2048.000000,2048.000000,12.685026,49.078611
4096.000000,4096.000000,4096.000000,14.134728,52.371518
8192.000000,8192.000000,8192.000000,14.233811,54.091697
16384.000000,16384.000000,16384.000000,13.506110,55.413786
