M,N,K,Triton,naive + torch.compile
256.000000,256.000000,256.000000,5.009121,4.096000
512.000000,512.000000,512.000000,19.660800,22.075285
1024.000000,1024.000000,1024.000000,30.247385,43.690665
2048.000000,2048.000000,2048.000000,32.388449,57.480826
4096.000000,4096.000000,4096.000000,33.796642,63.930962
8192.000000,8192.000000,8192.000000,34.335202,66.444419
16384.000000,16384.000000,16384.000000,34.493665,67.171490
