M,N,K,Triton,naive + torch.compile
256.000000,256.000000,256.000000,0.047963,6.826666
512.000000,512.000000,512.000000,0.379688,38.550588
1024.000000,1024.000000,1024.000000,3.048961,72.817775
2048.000000,2048.000000,2048.000000,16.144357,96.199633
4096.000000,4096.000000,4096.000000,17.505442,107.033815
8192.000000,8192.000000,8192.000000,17.969613,110.055129
16384.000000,16384.000000,16384.000000,18.119105,111.833542
