M,N,K,Triton,naive + torch.compile
256.000000,256.000000,256.000000,0.003759,5.120000
512.000000,512.000000,512.000000,0.039224,13.943829
