N,Triton,torch.nn.functional,naive + torch.compile
256.000000,451.972420,302.009226,99.296967
512.000000,464.794337,304.409328,70.701638
1024.000000,469.792115,310.229596,68.886412
2048.000000,470.714751,316.324440,67.877782
4096.000000,470.213456,318.232479,68.095429
8192.000000,470.688382,319.249812,67.348086
