N,Triton,torch.nn.functional,naive + torch.compile
256.000000,239.182490,172.463152,242.725935
512.000000,249.186317,164.250622,250.137417
1024.000000,255.065929,171.549676,258.015735
2048.000000,254.015518,176.527944,258.015735
4096.000000,254.015518,179.121289,259.548513
8192.000000,255.563258,180.944949,259.805748
16384.000000,254.169428,181.398844,210.441225
