N,Triton,torch.nn.functional,naive + torch.compile
256.000000,677.958629,59.553366,450.548262
512.000000,699.711477,59.094681,461.521112
1024.000000,704.688172,59.335446,465.895721
2048.000000,705.854341,59.439575,431.631170
4096.000000,705.270775,59.494800,367.458047
8192.000000,705.953331,59.530548,252.162570
