N,Triton,torch.nn.functional,naive + torch.compile
256.000000,373.779476,32.283745,251.416874
512.000000,382.505826,32.294351,257.677592
1024.000000,382.878279,32.310271,259.719947
2048.000000,383.812591,32.366122,257.677592
4096.000000,390.579572,32.364789,216.674983
8192.000000,390.413708,32.347816,158.072806
