N,Triton,torch.nn.functional,naive + torch.compile
256.000000,632.943244,75.363027,387.404909
512.000000,677.958629,56.921830,426.048338
1024.000000,697.191505,56.626730,447.933952
2048.000000,704.254293,57.336832,453.372928
4096.000000,706.587616,57.529247,447.090391
8192.000000,707.859611,57.707537,375.116620
16384.000000,707.615741,57.751571,252.933024
