N,Triton,torch.nn.functional,naive + torch.compile
256.000000,358.773735,42.778067,236.289941
512.000000,372.363633,32.686285,246.375933
1024.000000,382.505826,32.836410,254.673575
2048.000000,381.392804,32.921635,258.865036
4096.000000,382.505826,32.979619,259.249038
8192.000000,382.878279,33.033645,225.338680
16384.000000,381.647315,32.943290,157.708264
