N,Triton,torch.nn.functional,naive + torch.compile
256.000000,249.186317,172.918204,250.137417
512.000000,255.003884,175.788097,254.508727
1024.000000,255.003884,176.290514,257.762059
2048.000000,256.365746,176.766015,258.397229
4096.000000,260.515767,175.965082,262.669330
8192.000000,260.289434,177.154245,208.516239
