N,Triton,torch.nn.functional,naive + torch.compile
256.000000,425.558458,334.367358,80.117359
512.000000,452.021140,269.695471,68.476195
1024.000000,464.794337,282.482752,51.872788
2048.000000,468.506435,295.051456,50.724460
4096.000000,471.747138,301.661687,49.281197
8192.000000,471.694122,305.380382,50.722006
16384.000000,471.700742,307.455211,49.757444
