N,Triton,naive + torch.compile,Frankenstein
256.000000,528.516136,390.095241,528.516136
512.000000,536.493194,368.179771,535.056012
1024.000000,548.705390,280.668091,548.418408
2048.000000,554.215653,269.141677,554.215653
4096.000000,556.568994,273.779630,557.160464
8192.000000,556.273730,272.995580,556.864572
16384.000000,486.352530,264.424675,486.715835
