N,Triton,naive + torch.compile,Frankenstein
256.000000,50.836881,61.859762,940.065592
512.000000,60.697541,88.221538,963.764733
1024.000000,66.708158,111.971371,969.877393
2048.000000,70.474229,131.749570,975.030812
4096.000000,71.986944,140.950828,975.549174
8192.000000,53.572112,143.646169,976.717475
