N,Triton,naive + torch.compile
256.000000,328.501244,305.529133
512.000000,336.513481,334.367358
1024.000000,342.671893,342.671893
2048.000000,344.405899,345.096597
4096.000000,346.321862,345.551498
8192.000000,361.235389,355.208685
