N,Triton,naive + torch.compile,Frankenstein
256.000000,27.228870,30.864331,924.903238
512.000000,32.711923,53.268925,938.742986
1024.000000,36.276451,70.729571,963.764733
2048.000000,38.463318,90.590839,969.877393
4096.000000,39.043554,105.133951,975.030812
8192.000000,31.107630,112.114829,974.982263
16384.000000,20.946146,113.391089,855.082928
