N,Triton,naive + torch.compile,Frankenstein
256.000000,537.180338,461.521112,537.180338
512.000000,550.722705,305.930278,548.418408
1024.000000,554.215653,284.939124,554.215653
2048.000000,557.753193,283.552191,557.160464
4096.000000,557.753193,282.330633,557.456671
8192.000000,558.191580,281.591415,558.050030
