N,Triton,naive + torch.compile
256.000000,319.687799,79.633640
512.000000,326.875585,156.972453
1024.000000,336.082050,290.625277
2048.000000,341.312497,338.468681
4096.000000,343.515614,350.811649
8192.000000,360.026102,345.893462
16384.000000,327.449762,355.630323
